amfi_code,Average Sharpe
120507,13.558546424833544
120844,12.47817793509701
101208,11.995641778368872
